{"version":"0.24","interactions":{"3994b944-fce5-402c-9136-c311be3b3ec9":[{"properties":{"transition":"dissolve","duration":0.3,"easing":"ease-out","preserveScrollPosition":false,"destination":"76b170c5-3a7c-40f1-a7b8-60a7614555b7","voiceLocale":"de-de"},"triggerEvent":"tap","action":"artboard-transition","id":"cbb50661-eb2a-498a-8842-ea68f0dea34a"}],"98a3313c-ac15-452d-9456-fbd1cbcc35fa":[{"properties":{"transition":"dissolve","duration":0.3,"easing":"ease-out","preserveScrollPosition":false,"destination":"7a846d4b-9164-4b64-8b35-e464935474d1","voiceLocale":"de-de"},"triggerEvent":"tap","action":"artboard-transition","id":"b2a0f3fd-f316-4d25-9742-c385c3d2ed50"}],"effb41bd-12a9-4c14-8e47-8ecd0c22f129":[{"properties":{"transition":"dissolve","duration":0.3,"easing":"ease-out","preserveScrollPosition":false,"destination":"7a846d4b-9164-4b64-8b35-e464935474d1","voiceLocale":"de-de"},"triggerEvent":"tap","action":"artboard-transition","id":"f0c0bab4-47e9-4bd1-9412-80b69eae9ec6"}],"919329cd-bf3b-4e7c-984e-b2b265bc6000":[{"properties":{"transition":"dissolve","duration":0.3,"easing":"ease-out","preserveScrollPosition":false,"destination":"8d8bc862-75dd-4e14-9b5b-65e1357f115c","voiceLocale":"de-de"},"triggerEvent":"tap","action":"artboard-transition","id":"22f0f25d-f22f-4fdb-a5bf-280c7081b5cf"}],"4b60c24f-49fb-463a-9304-9b10f8a02be4":[{"properties":{"transition":"dissolve","duration":0.3,"easing":"ease-out","preserveScrollPosition":false,"destination":"8d9c4774-c836-4442-9680-9023c153aaec","voiceLocale":"de-de"},"triggerEvent":"tap","action":"artboard-transition","id":"1f339273-5199-4a92-9a82-e483f391f5f8"}],"81be9a4d-e6df-4b19-a1e9-95f80bab9154":[{"properties":{"transition":"dissolve","duration":0.3,"easing":"ease-out","preserveScrollPosition":false,"destination":"76b170c5-3a7c-40f1-a7b8-60a7614555b7","voiceLocale":"de-de"},"triggerEvent":"tap","action":"artboard-transition","id":"291da603-bc48-47f2-8f0b-178dbb080b80"}],"1993e2e7-c8f8-455e-9b8c-f00bb5cd6d69":[{"properties":{"transition":"dissolve","duration":0.3,"easing":"ease-out","preserveScrollPosition":false,"destination":"275f1de5-89a5-4aac-918f-75cc6628e3c8","voiceLocale":"de-de"},"triggerEvent":"tap","action":"artboard-transition","id":"7ac0ffda-18ee-4618-b4f3-1d1018800fc2"}],"859ca89a-7571-494c-b0a2-f4a9867804bb":[{"properties":{"transition":"dissolve","duration":0.3,"easing":"ease-out","preserveScrollPosition":false,"destination":"7a846d4b-9164-4b64-8b35-e464935474d1","voiceLocale":"de-de"},"triggerEvent":"tap","action":"artboard-transition","id":"63a9862d-0a10-46b6-8131-bb3432f3b6ba"}],"cc513629-c8d7-4d0b-ac82-a7bf1a455bd2":[{"properties":{"transition":"dissolve","duration":0.3,"easing":"ease-out","preserveScrollPosition":false,"destination":"8d8bc862-75dd-4e14-9b5b-65e1357f115c","voiceLocale":"de-de"},"triggerEvent":"tap","action":"artboard-transition","id":"e8c7c87a-5438-445d-8113-d873583c1d74"}],"3a29fe6a-8506-43c4-88b7-e54d15275e57":[{"properties":{"transition":"dissolve","duration":0.3,"easing":"ease-out","preserveScrollPosition":false,"destination":"903e451f-f1ce-4dcf-9832-e17315b4e3e6","voiceLocale":"de-de"},"triggerEvent":"tap","action":"artboard-transition","id":"337e4761-c704-4f63-b24f-d85a171a64e3"}],"f19d0a62-2f30-4891-832a-d319065fe7a6":[{"properties":{"transition":"dissolve","duration":0.3,"easing":"ease-out","preserveScrollPosition":false,"destination":"8532cd53-0e15-45e7-908e-1a7e44d74496","voiceLocale":"de-de"},"triggerEvent":"tap","action":"artboard-transition","id":"3da27c08-4252-4319-b815-9bd437ae0444"}],"ceac1844-d9f0-4f3d-8df4-2aa7e585dc46":[{"properties":{"transition":"dissolve","duration":0.3,"easing":"ease-out","preserveScrollPosition":false,"destination":"3baa5c7d-cdef-4934-b1ef-14cc461cb93e","voiceLocale":"de-de"},"triggerEvent":"tap","action":"artboard-transition","id":"a9f146cb-fd17-41f2-a88e-2e2b2acb347b"}],"6419ca3f-ef74-481f-9e9d-27e9df215f58":[{"properties":{"transition":"dissolve","duration":0.3,"easing":"ease-out","preserveScrollPosition":false,"destination":"f72d21b1-6e90-442b-8001-b15378ab8c98","voiceLocale":"de-de"},"triggerEvent":"tap","action":"artboard-transition","id":"0c991e8a-5ac6-4938-bd9c-cc57bf43f3b5"}],"82f5f81e-4e41-4739-a93b-858dcfd13c16":[{"properties":{"transition":"dissolve","duration":0.3,"easing":"ease-out","preserveScrollPosition":false,"destination":"3baa5c7d-cdef-4934-b1ef-14cc461cb93e","voiceLocale":"de-de"},"triggerEvent":"tap","action":"artboard-transition","id":"73edd1ff-a7a6-4788-bd74-3bf48cbc5aac"}],"9475e1dc-a5b1-4422-8b59-9a3e3b76175a":[{"properties":{"transition":"dissolve","duration":0.3,"easing":"ease-out","preserveScrollPosition":false,"destination":"9faf865b-e7b6-4809-88ce-203d00b23f3c","voiceLocale":"de-de"},"triggerEvent":"tap","action":"artboard-transition","id":"14fe6c57-8597-4d87-a897-1ebb30bb2038"}],"c21a08eb-2591-4f75-a96d-b66364c4ea2d":[{"properties":{"transition":"dissolve","duration":0.3,"easing":"ease-out","preserveScrollPosition":false,"destination":"9faf865b-e7b6-4809-88ce-203d00b23f3c","voiceLocale":"de-de"},"triggerEvent":"tap","action":"artboard-transition","id":"e1aee901-7cd9-43c2-90af-6702975d3c4b"}],"eff75621-e5a8-448d-85b4-e83bb4ef395e":[{"properties":{"transition":"dissolve","duration":0.3,"easing":"ease-out","preserveScrollPosition":false,"destination":"9faf865b-e7b6-4809-88ce-203d00b23f3c","voiceLocale":"de-de"},"triggerEvent":"tap","action":"artboard-transition","id":"fc652f97-bc0f-4957-8d4c-c78ceaf47fc8"}],"ed5f30f8-5536-4348-aa7e-84709fd1f421":[{"properties":{"transition":"dissolve","duration":0.3,"easing":"ease-out","preserveScrollPosition":false,"destination":"9faf865b-e7b6-4809-88ce-203d00b23f3c","voiceLocale":"de-de"},"triggerEvent":"tap","action":"artboard-transition","id":"a7c00b30-d7b4-4f57-a69f-14306b5acb70"}],"76f778a8-f779-48ce-9bd2-aa31024a2a63":[{"properties":{"transition":"dissolve","duration":0.3,"easing":"ease-out","preserveScrollPosition":false,"destination":"9faf865b-e7b6-4809-88ce-203d00b23f3c","voiceLocale":"de-de"},"triggerEvent":"tap","action":"artboard-transition","id":"eb61ece5-6fdb-4e47-a776-76d01e26fdc0"}],"ec1df9b6-ab3e-4618-a111-34d742a3ecff":[{"properties":{"transition":"dissolve","duration":0.3,"easing":"ease-out","preserveScrollPosition":false,"destination":"8d8bc862-75dd-4e14-9b5b-65e1357f115c","voiceLocale":"de-de"},"triggerEvent":"tap","action":"artboard-transition","id":"fd299421-44f4-423d-b7fb-572f6870a059"}],"5d10c2a1-9148-4b32-8963-590dab2d765a":[{"properties":{"transition":"dissolve","duration":0.3,"easing":"ease-out","preserveScrollPosition":false,"destination":"3baa5c7d-cdef-4934-b1ef-14cc461cb93e","voiceLocale":"de-de"},"triggerEvent":"tap","action":"artboard-transition","id":"f4a4bd50-e7ec-4302-91b2-9d009fd28309"}],"3a473064-15ec-40ff-aa4c-36d97de9c0f0":[{"properties":{"transition":"dissolve","duration":0.3,"easing":"ease-out","preserveScrollPosition":false,"destination":"8d8bc862-75dd-4e14-9b5b-65e1357f115c","voiceLocale":"de-de"},"triggerEvent":"tap","action":"artboard-transition","id":"b7d4f40a-6f15-4073-9952-39ffde8d9f62"}],"031d3225-697b-4058-9957-54f5edcb4ba6":[{"properties":{"transition":"dissolve","duration":0.3,"easing":"ease-out","preserveScrollPosition":false,"destination":"b3776833-d832-4950-8d30-53deb7e9b29e","voiceLocale":"de-de"},"triggerEvent":"tap","action":"artboard-transition","id":"f65bb760-c879-465b-a32f-c8ddaa9e8e19"}],"ffa7dd58-efea-4a35-9f12-3cfd0e39a110":[{"properties":{"transition":"dissolve","duration":0.3,"easing":"ease-out","preserveScrollPosition":false,"destination":"b5723cb3-281a-4240-9304-8876e9e93d64","voiceLocale":"de-de"},"triggerEvent":"tap","action":"artboard-transition","id":"60e863bb-083b-4869-b49e-947f1ed0dd57"}],"e5235626-513a-4e95-9e39-9d16c553d7c8":[{"properties":{"transition":"dissolve","duration":0.3,"easing":"ease-out","preserveScrollPosition":false,"destination":"c153ac46-e1d9-4935-ba5e-922c13c49bd4","voiceLocale":"de-de"},"triggerEvent":"tap","action":"artboard-transition","id":"12574e93-bc69-44a0-9626-84984cb4bd80"}],"f28b8640-0cd7-4cde-9f56-4be8d018a574":[{"properties":{"transition":"dissolve","duration":0.3,"easing":"ease-out","preserveScrollPosition":false,"destination":"119e45cc-eafb-48ac-a21b-4963544480f1","voiceLocale":"de-de"},"triggerEvent":"tap","action":"artboard-transition","id":"32305abe-db2b-4386-8f9e-b58de47a4e8d"}],"62bbdf58-b350-47e9-8ef9-5de925fa7e8b":[{"properties":{"transition":"dissolve","duration":0.3,"easing":"ease-out","preserveScrollPosition":false,"destination":"b3776833-d832-4950-8d30-53deb7e9b29e","voiceLocale":"de-de"},"triggerEvent":"tap","action":"artboard-transition","id":"23b00922-ea44-4ec2-94c2-440f517447c5"}],"78aaaff2-a136-40c7-b4c7-297dedac82d7":[{"properties":{"transition":"dissolve","duration":0.3,"easing":"ease-out","preserveScrollPosition":false,"destination":"66a5ce90-c513-4762-b519-442a8b661d28","voiceLocale":"de-de"},"triggerEvent":"tap","action":"artboard-transition","id":"793c85eb-41d8-4174-9712-f16de4a3e25d"}],"568d6662-961b-4258-8863-55178a272a01":[{"properties":{"transition":"dissolve","duration":0.3,"easing":"ease-out","preserveScrollPosition":false,"destination":"b5723cb3-281a-4240-9304-8876e9e93d64","voiceLocale":"de-de"},"triggerEvent":"tap","action":"artboard-transition","id":"af970b7b-d940-467b-b161-5e90ede7c325"}]}}